{
	"info": {
		"_postman_id": "f003472f-2912-4861-b0c5-704681dc2e94",
		"name": "DWS_PROJECT",
		"schema": "https://schema.getpostman.com/json/collection/v2.1.0/collection.json"
	},
	"item": [
		{
			"name": "Create Team",
			"request": {
				"method": "POST",
				"header": [],
				"body": {
					"mode": "raw",
					"raw": "{\"name\":\"dwsPorject0\",\"password\":\"passTeam\",\"motto\":\"a\",\"tournaments\":[\"newTournament\"],\"users\":[\"David Billhardt\",\"Rufo Cotobal\",\"Ignacio Hermosa\"]}",
					"options": {
						"raw": {
							"language": "json"
						}
					}
				},
				"url": {
					"raw": "127.0.0.1:8080/api/teams/",
					"host": [
						"127",
						"0",
						"0",
						"1"
					],
					"port": "8080",
					"path": [
						"api",
						"teams",
						""
					]
				}
			},
			"response": []
		},
		{
			"name": "Create Team 2",
			"request": {
				"method": "POST",
				"header": [],
				"body": {
					"mode": "raw",
					"raw": "{\"name\":\"team2prueba\",\"password\":\"passTeam2\",\"motto\":\"b\",\"tournaments\":[\"newTournament\"],\"users\":[\"prueba\"]}",
					"options": {
						"raw": {
							"language": "json"
						}
					}
				},
				"url": {
					"raw": "127.0.0.1:8080/api/teams/",
					"host": [
						"127",
						"0",
						"0",
						"1"
					],
					"port": "8080",
					"path": [
						"api",
						"teams",
						""
					]
				}
			},
			"response": []
		},
		{
			"name": "Visualize teams",
			"protocolProfileBehavior": {
				"disableBodyPruning": true
			},
			"request": {
				"method": "GET",
				"header": [],
				"body": {
					"mode": "raw",
					"raw": "{\"name\":\"dwsPorject0\",\"password\":\"passTeam\",\"motto\":\"a\",\"tournaments\":[\"newTournament\"],\"users\":[\"David Billhardt\",\"Rufo Cotobal\",\"Ignacio Hermosa\"]}",
					"options": {
						"raw": {
							"language": "json"
						}
					}
				},
				"url": {
					"raw": "127.0.0.1:8080/api/teams/",
					"host": [
						"127",
						"0",
						"0",
						"1"
					],
					"port": "8080",
					"path": [
						"api",
						"teams",
						""
					]
				}
			},
			"response": []
		},
		{
			"name": "Visualize Team dwsProject0",
			"protocolProfileBehavior": {
				"disableBodyPruning": true
			},
			"request": {
				"method": "GET",
				"header": [],
				"body": {
					"mode": "raw",
					"raw": "{\"name\":\"dwsPorject0\",\"password\":\"passTeam\",\"motto\":\"a\",\"tournaments\":[\"newTournament\"],\"users\":[\"David Billhardt\",\"Rufo Cotobal\",\"Ignacio Hermosa\"]}",
					"options": {
						"raw": {
							"language": "json"
						}
					}
				},
				"url": {
					"raw": "127.0.0.1:8080/api/teams/dwsPorject0",
					"host": [
						"127",
						"0",
						"0",
						"1"
					],
					"port": "8080",
					"path": [
						"api",
						"teams",
						"dwsPorject0"
					]
				}
			},
			"response": []
		},
		{
			"name": "Create David Billhardt",
			"request": {
				"method": "POST",
				"header": [],
				"body": {
					"mode": "raw",
					"raw": "{\"name\":\"David Billhardt\",\"password\":\"SecureP455xD\",\"selfDescription\":\"ctf player and now debates\",\"team\":{\"name\":\"dwsPorject0\",\"password\":\"passTeam\",\"motto\":\"a\",\"tournaments\":[\"newTournament\"],\"users\":[\"David Billhardt\",\"Rufo Cotobal\",\"Ignacio Hermosa\"]}}",
					"options": {
						"raw": {
							"language": "json"
						}
					}
				},
				"url": {
					"raw": "127.0.0.1:8080/api/users/",
					"host": [
						"127",
						"0",
						"0",
						"1"
					],
					"port": "8080",
					"path": [
						"api",
						"users",
						""
					]
				}
			},
			"response": []
		},
		{
			"name": "Create Rufo Cotobal",
			"request": {
				"method": "POST",
				"header": [],
				"body": {
					"mode": "raw",
					"raw": "{\"name\":\"Rufo Cotobal\",\"password\":\"insecure101\",\"selfDescription\":\"all time debates player\",\"team\":{\"name\":\"dwsPorject0\",\"password\":\"passTeam\",\"motto\":\"a\",\"tournaments\":[\"newTournament\"],\"users\":[\"David Billhardt\",\"Rufo Cotobal\",\"Ignacio Hermosa\"]}}",
					"options": {
						"raw": {
							"language": "json"
						}
					}
				},
				"url": {
					"raw": "127.0.0.1:8080/api/users/",
					"host": [
						"127",
						"0",
						"0",
						"1"
					],
					"port": "8080",
					"path": [
						"api",
						"users",
						""
					]
				}
			},
			"response": []
		},
		{
			"name": "Create Ignacio Hermosa",
			"request": {
				"method": "POST",
				"header": [],
				"body": {
					"mode": "raw",
					"raw": "{\"name\":\"Ignacio Hermosa\",\"password\":\"^DSiq#6Zqnhn\",\"selfDescription\":\"el hermosa es muy hermozo\",\"team\":{\"name\":\"dwsPorject0\",\"password\":\"passTeam\",\"motto\":\"a\",\"tournaments\":[\"newTournament\"],\"users\":[\"David Billhardt\",\"Rufo Cotobal\",\"Ignacio Hermosa\"]}}",
					"options": {
						"raw": {
							"language": "json"
						}
					}
				},
				"url": {
					"raw": "127.0.0.1:8080/api/users/",
					"host": [
						"127",
						"0",
						"0",
						"1"
					],
					"port": "8080",
					"path": [
						"api",
						"users",
						""
					]
				}
			},
			"response": []
		},
		{
			"name": "Visualize users",
			"request": {
				"method": "GET",
				"header": [],
				"url": {
					"raw": "127.0.0.1:8080/api/users/",
					"host": [
						"127",
						"0",
						"0",
						"1"
					],
					"port": "8080",
					"path": [
						"api",
						"users",
						""
					]
				}
			},
			"response": []
		},
		{
			"name": "Put David Billhardt AAAAAAA",
			"request": {
				"method": "PUT",
				"header": [],
				"body": {
					"mode": "raw",
					"raw": "{\"name\":\"David Billhardt\",\"password\":\"SecureP455xD\",\"selfDescription\":\"AAAAAAAAAAAAAAAAAAAAAAAAAAAAA\",\"team\":{\"name\":\"dwsPorject0\",\"password\":\"passTeam\",\"motto\":\"a\",\"tournaments\":[\"newTournament\"],\"users\":[\"David Billhardt\",\"Rufo Cotobal\",\"Ignacio Hermosa\"]}}",
					"options": {
						"raw": {
							"language": "json"
						}
					}
				},
				"url": {
					"raw": "127.0.0.1:8080/api/users/David%20Billhardt",
					"host": [
						"127",
						"0",
						"0",
						"1"
					],
					"port": "8080",
					"path": [
						"api",
						"users",
						"David%20Billhardt"
					]
				}
			},
			"response": []
		},
		{
			"name": "Get David Billhardt",
			"request": {
				"method": "GET",
				"header": [],
				"url": {
					"raw": "127.0.0.1:8080/api/users/David%20Billhardt",
					"host": [
						"127",
						"0",
						"0",
						"1"
					],
					"port": "8080",
					"path": [
						"api",
						"users",
						"David%20Billhardt"
					]
				}
			},
			"response": []
		},
		{
			"name": "Delete David Billhardt",
			"request": {
				"method": "DELETE",
				"header": [],
				"url": {
					"raw": "127.0.0.1:8080/api/users/David%20Billhardt",
					"host": [
						"127",
						"0",
						"0",
						"1"
					],
					"port": "8080",
					"path": [
						"api",
						"users",
						"David%20Billhardt"
					]
				}
			},
			"response": []
		},
		{
			"name": "Visualize users 2",
			"request": {
				"method": "GET",
				"header": [],
				"url": {
					"raw": "127.0.0.1:8080/api/users/",
					"host": [
						"127",
						"0",
						"0",
						"1"
					],
					"port": "8080",
					"path": [
						"api",
						"users",
						""
					]
				}
			},
			"response": []
		},
		{
			"name": "Create Tournament",
			"request": {
				"method": "POST",
				"header": [],
				"body": {
					"mode": "raw",
					"raw": "{\"name\":\"newTournament\",\"institution\":\"URJC\",\"startDate\":\"15/3/2022\",\"finishDate\":\"20/3/2022\",\"briefDescription\":\"This is the newTournament\",\"tournamentCode\":\"UXH74\",\"teams\":[\"dwsPorject0\",\"team2prueba\"]}",
					"options": {
						"raw": {
							"language": "json"
						}
					}
				},
				"url": {
					"raw": "127.0.0.1:8080/api/tournaments/",
					"host": [
						"127",
						"0",
						"0",
						"1"
					],
					"port": "8080",
					"path": [
						"api",
						"tournaments",
						""
					]
				}
			},
			"response": []
		},
		{
			"name": "Visualize Tournaments",
			"protocolProfileBehavior": {
				"disableBodyPruning": true
			},
			"request": {
				"method": "GET",
				"header": [],
				"body": {
					"mode": "raw",
					"raw": "{\"name\":\"newTournament\",\"institution\":\"URJC\",\"startDate\":\"15/3/2022\",\"finishDate\":\"20/3/2022\",\"briefDescription\":\"This is the newTournament\",\"tournamentCode\":\"UXH74\",\"teams\":[\"dwsPorject0\",\"team2prueba\"]}",
					"options": {
						"raw": {
							"language": "json"
						}
					}
				},
				"url": {
					"raw": "127.0.0.1:8080/api/tournaments/",
					"host": [
						"127",
						"0",
						"0",
						"1"
					],
					"port": "8080",
					"path": [
						"api",
						"tournaments",
						""
					]
				}
			},
			"response": []
		},
		{
			"name": "Put Tournament",
			"request": {
				"method": "PUT",
				"header": [],
				"body": {
					"mode": "raw",
					"raw": "{\"name\":\"newTournament\",\"institution\":\"URJC\",\"startDate\":\"15/3/2022\",\"finishDate\":\"20/3/2022\",\"briefDescription\":\"Welcome to our tournament\",\"tournamentCode\":\"UXH74\",\"teams\":[\"dwsPorject0\",\"team2prueba\"]}",
					"options": {
						"raw": {
							"language": "json"
						}
					}
				},
				"url": {
					"raw": "127.0.0.1:8080/api/tournaments/UXH74",
					"host": [
						"127",
						"0",
						"0",
						"1"
					],
					"port": "8080",
					"path": [
						"api",
						"tournaments",
						"UXH74"
					]
				}
			},
			"response": []
		},
		{
			"name": "Get newTournament",
			"protocolProfileBehavior": {
				"disableBodyPruning": true
			},
			"request": {
				"method": "GET",
				"header": [],
				"body": {
					"mode": "raw",
					"raw": "{\"name\":\"newTournament\",\"institution\":\"URJC\",\"startDate\":\"15/3/2022\",\"finishDate\":\"20/3/2022\",\"briefDescription\":\"This is the newTournament\",\"tournamentCode\":\"UXH74\",\"teams\":[\"dwsPorject0\",\"team2prueba\"]}",
					"options": {
						"raw": {
							"language": "json"
						}
					}
				},
				"url": {
					"raw": "127.0.0.1:8080/api/tournaments/UXH74/",
					"host": [
						"127",
						"0",
						"0",
						"1"
					],
					"port": "8080",
					"path": [
						"api",
						"tournaments",
						"UXH74",
						""
					]
				}
			},
			"response": []
		},
		{
			"name": "Delete newTournament",
			"request": {
				"method": "DELETE",
				"header": [],
				"body": {
					"mode": "raw",
					"raw": "{\"name\":\"newTournament\",\"institution\":\"URJC\",\"startDate\":\"15/3/2022\",\"finishDate\":\"20/3/2022\",\"briefDescription\":\"This is the newTournament\",\"tournamentCode\":\"UXH74\",\"teams\":[\"dwsPorject0\",\"team2prueba\"]}",
					"options": {
						"raw": {
							"language": "json"
						}
					}
				},
				"url": {
					"raw": "127.0.0.1:8080/api/tournaments/UXH74",
					"host": [
						"127",
						"0",
						"0",
						"1"
					],
					"port": "8080",
					"path": [
						"api",
						"tournaments",
						"UXH74"
					]
				}
			},
			"response": []
		},
		{
			"name": "Visualize Tournaments 2",
			"protocolProfileBehavior": {
				"disableBodyPruning": true
			},
			"request": {
				"method": "GET",
				"header": [],
				"body": {
					"mode": "raw",
					"raw": "{\"name\":\"newTournament\",\"institution\":\"URJC\",\"startDate\":\"15/3/2022\",\"finishDate\":\"20/3/2022\",\"briefDescription\":\"This is the newTournament\",\"tournamentCode\":\"UXH74\",\"teams\":[\"dwsPorject0\",\"team2prueba\"]}",
					"options": {
						"raw": {
							"language": "json"
						}
					}
				},
				"url": {
					"raw": "127.0.0.1:8080/api/tournaments",
					"host": [
						"127",
						"0",
						"0",
						"1"
					],
					"port": "8080",
					"path": [
						"api",
						"tournaments"
					]
				}
			},
			"response": []
		},
		{
			"name": "Delete Team 2",
			"request": {
				"method": "DELETE",
				"header": [],
				"body": {
					"mode": "raw",
					"raw": "{\"name\":\"dwsPorject0\",\"password\":\"passTeam\",\"motto\":\"a\",\"tournaments\":[\"newTournament\"],\"users\":[\"David Billhardt\",\"Rufo Cotobal\",\"Ignacio Hermosa\"]}",
					"options": {
						"raw": {
							"language": "json"
						}
					}
				},
				"url": {
					"raw": "127.0.0.1:8080/api/teams/team2prueba",
					"host": [
						"127",
						"0",
						"0",
						"1"
					],
					"port": "8080",
					"path": [
						"api",
						"teams",
						"team2prueba"
					]
				}
			},
			"response": []
		},
		{
			"name": "Visualize teams 2",
			"protocolProfileBehavior": {
				"disableBodyPruning": true
			},
			"request": {
				"method": "GET",
				"header": [],
				"body": {
					"mode": "raw",
					"raw": "{\"name\":\"dwsPorject0\",\"password\":\"passTeam\",\"motto\":\"a\",\"tournaments\":[\"newTournament\"],\"users\":[\"David Billhardt\",\"Rufo Cotobal\",\"Ignacio Hermosa\"]}",
					"options": {
						"raw": {
							"language": "json"
						}
					}
				},
				"url": {
					"raw": "127.0.0.1:8080/api/teams/",
					"host": [
						"127",
						"0",
						"0",
						"1"
					],
					"port": "8080",
					"path": [
						"api",
						"teams",
						""
					]
				}
			},
			"response": []
		}
	]
}